date,,Alabama,Alaska,Arizona,Arkansas,Florida,Georgia,Idaho,Indiana,Iowa,Maryland,Massachusetts,Mississippi,Missouri,Nebraska,New Hampshire,North Dakota,Ohio,Oklahoma,South Carolina,South Dakota,Tennessee,Texas,Utah,Vermont,West Virginia,Wyoming
1/25/20,0,,,,,,,,,,,,,,,,,,,,,,,,,,
1/26/20,1,,,1,,,,,,,,,,,,,,,,,,,,,,,
1/27/20,1,,,1,,,,,,,,,,,,,,,,,,,,,,,
1/28/20,1,,,1,,,,,,,,,,,,,,,,,,,,,,,
1/29/20,1,,,1,,,,,,,,,,,,,,,,,,,,,,,
1/30/20,1,,,1,,,,,,,,,,,,,,,,,,,,,,,
1/31/20,1,,,1,,,,,,,,,,,,,,,,,,,,,,,
2/1/20,2,,,1,,,,,,,,1,,,,,,,,,,,,,,,
2/2/20,2,,,1,,,,,,,,1,,,,,,,,,,,,,,,
2/3/20,2,,,1,,,,,,,,1,,,,,,,,,,,,,,,
2/4/20,2,,,1,,,,,,,,1,,,,,,,,,,,,,,,
2/5/20,2,,,1,,,,,,,,1,,,,,,,,,,,,,,,
2/6/20,2,,,1,,,,,,,,1,,,,,,,,,,,,,,,
2/7/20,2,,,1,,,,,,,,1,,,,,,,,,,,,,,,
2/8/20,2,,,1,,,,,,,,1,,,,,,,,,,,,,,,
2/9/20,2,,,1,,,,,,,,1,,,,,,,,,,,,,,,
2/10/20,2,,,1,,,,,,,,1,,,,,,,,,,,,,,,
2/11/20,2,,,1,,,,,,,,1,,,,,,,,,,,,,,,
2/12/20,3,,,1,,,,,,,,1,,,,,,,,,,,1,,,,
2/13/20,4,,,1,,,,,,,,1,,,,,,,,,,,2,,,,
2/14/20,4,,,1,,,,,,,,1,,,,,,,,,,,2,,,,
2/15/20,4,,,1,,,,,,,,1,,,,,,,,,,,2,,,,
2/16/20,4,,,1,,,,,,,,1,,,,,,,,,,,2,,,,
2/17/20,14,,,1,,,,,,,,1,,,10,,,,,,,,2,,,,
2/18/20,14,,,1,,,,,,,,1,,,10,,,,,,,,2,,,,
2/19/20,14,,,1,,,,,,,,1,,,10,,,,,,,,2,,,,
2/20/20,15,,,1,,,,,,,,1,,,11,,,,,,,,2,,,,
2/21/20,17,,,1,,,,,,,,1,,,11,,,,,,,,4,,,,
2/22/20,17,,,1,,,,,,,,1,,,11,,,,,,,,4,,,,
2/23/20,17,,,1,,,,,,,,1,,,11,,,,,,,,4,,,,
2/24/20,24,,,1,,,,,,,,1,,,12,,,,,,,,10,,,,
2/25/20,26,,,1,,,,,,,,1,,,13,,,,,,,,10,1,,,
2/26/20,26,,,1,,,,,,,,1,,,13,,,,,,,,10,1,,,
2/27/20,26,,,1,,,,,,,,1,,,13,,,,,,,,10,1,,,
2/28/20,27,,,1,,,,,,,,1,,,13,,,,,,,,11,1,,,
2/29/20,27,,,1,,,,,,,,1,,,13,,,,,,,,11,1,,,
3/1/20,29,,,1,,2,,,,,,1,,,13,,,,,,,,11,1,,,
3/2/20,33,,,1,,2,2,,,,,2,,,13,1,,,,,,,11,1,,,
3/3/20,36,,,2,,3,2,,,,,2,,,13,2,,,,,,,11,1,,,
3/4/20,37,,,2,,3,2,,,,,2,,,13,2,,,,,,,12,1,,,
3/5/20,47,,,2,,4,2,,,,3,3,,,13,2,,,,,,1,16,1,,,
3/6/20,67,,,3,,7,3,,1,,3,8,,,14,2,,,1,2,,1,19,3,,,
3/7/20,87,,,5,,12,7,,1,,3,13,,1,14,4,,,1,2,,1,19,3,1,,
3/8/20,125,,,5,,13,11,,2,3,5,28,,1,16,4,,,1,6,,3,23,3,1,,
3/9/20,160,,,6,,14,17,,4,8,6,41,,1,16,4,,3,1,7,,4,24,3,1,,
3/10/20,256,,,6,,23,22,,6,13,9,92,,1,17,5,,3,2,9,5,7,31,4,1,,
3/11/20,304,,,9,1,26,31,,11,14,13,95,1,1,23,5,1,4,2,10,8,8,33,5,2,,1
3/12/20,372,,1,9,6,46,31,,12,16,13,108,1,2,24,6,1,5,2,12,8,18,41,7,2,,1
3/13/20,483,6,1,9,7,70,41,1,12,17,18,123,6,4,27,7,1,13,3,13,9,26,58,7,2,,2
3/14/20,608,12,1,12,9,70,65,5,15,18,27,138,6,5,29,7,1,26,4,19,9,32,69,21,5,,3
3/15/20,802,23,1,13,16,109,97,5,19,22,32,164,10,5,31,13,1,37,8,28,9,39,80,29,8,,3
3/16/20,994,29,3,18,22,141,118,5,24,22,39,197,12,9,33,17,1,50,10,33,10,52,87,40,12,,10
3/17/20,"1,289",39,6,20,22,210,142,9,30,29,57,218,21,16,36,26,5,67,18,47,11,73,106,51,14,1,15
3/18/20,"1,770",51,9,28,33,326,193,11,39,38,85,256,34,21,43,39,7,90,29,60,11,98,166,65,19,2,17
3/19/20,"2,456",78,12,47,62,434,282,23,56,44,108,328,50,35,47,44,19,120,44,81,14,155,248,80,22,5,18
3/20/20,"3,496",106,14,70,100,564,482,31,81,45,150,413,80,73,53,55,27,169,49,126,14,237,386,112,29,8,22
3/21/20,"4,603",131,21,104,118,764,552,42,128,68,195,525,140,93,61,65,28,247,53,172,14,312,547,138,49,12,24
3/22/20,"5,828",157,22,153,165,1000,620,47,204,90,245,646,207,130,62,78,30,351,67,194,21,424,639,182,52,16,26
3/23/20,"7,291",196,36,234,201,1222,800,50,264,105,290,777,249,183,73,101,32,444,81,299,28,522,728,257,75,16,28
3/24/20,"9,323",242,42,326,231,1467,1095,73,371,124,349,1159,320,255,77,108,37,564,106,342,30,678,857,299,95,39,37
3/25/20,"12,395",386,59,402,307,1971,1385,123,484,147,423,1838,376,384,84,137,45,707,164,425,41,806,1132,346,123,51,49
3/26/20,"15,744",538,69,508,350,2478,1641,189,661,179,581,2417,486,508,91,158,58,867,248,456,46,981,1542,402,158,76,56
3/27/20,"20,317",639,85,665,385,3198,2198,232,992,236,790,3240,579,670,102,187,68,1144,322,542,58,1180,1971,480,184,96,74
3/28/20,"24,819",720,102,773,409,4038,2447,262,1239,298,1066,4257,669,837,122,214,93,1406,377,661,68,1363,2381,608,211,113,85
3/29/20,"28,886",830,114,930,449,4943,2683,310,1522,336,1244,4955,759,902,138,258,97,1665,429,775,90,1569,2722,719,235,124,88
3/30/20,"33,307",947,120,1169,508,5695,3032,415,1797,424,1415,5752,848,1049,185,314,109,1933,481,925,100,1721,3065,806,256,145,96
3/31/20,"39,369",999,133,1298,564,6742,4116,526,2177,498,1662,6620,937,1350,199,367,126,2199,566,1083,107,2049,3588,887,293,162,121
4/1/20,"46,229",1108,143,1413,624,7769,4747,669,2578,549,1985,7738,1073,1580,249,415,147,2548,719,1293,129,2689,4402,1012,321,191,138
4/2/20,"53,030",1270,146,1600,683,9000,5444,891,3056,614,2331,8966,1177,1834,273,479,159,2903,879,1554,165,2868,4952,1077,338,217,154
4/3/20,"60,271",1535,156,1769,738,10260,5967,1012,3455,699,2758,10402,1358,2113,297,540,173,3312,989,1700,187,3032,5773,1248,389,242,167
4/4/20,"67,289",1632,169,2019,743,11537,6383,1076,3975,786,3125,11736,1455,2291,339,621,186,3739,1159,1917,212,3265,6566,1426,461,282,189
4/5/20,"72,894",1840,183,2269,853,12342,6742,1100,4437,868,3609,12500,1638,2367,377,669,207,4043,1251,2049,240,3538,7117,1618,512,325,200
4/6/20,"80,552",2005,189,2466,927,13621,7558,1170,4986,946,4045,13837,1738,2722,438,715,225,4450,1326,2232,288,3753,8150,1662,543,347,213
4/7/20,"88,593",2197,211,2577,997,14739,9156,1210,5544,1048,4371,15202,1915,3037,491,747,237,4783,1470,2417,320,4010,8968,1737,575,413,221
4/8/20,"96,946",2498,224,2726,1077,15690,10204,1232,5986,1145,5529,16790,2003,3327,538,788,251,5149,1523,2552,393,4246,9897,1860,605,483,230
4/9/20,"106,280",2838,233,3018,1146,16819,10885,1366,6400,1270,6185,18941,2260,3539,594,819,269,5513,1683,2792,447,4456,11372,1980,628,524,303
4/10/20,"115,206",3008,244,3112,1202,17960,11859,1425,6960,1388,6968,20974,2469,3799,678,885,278,5879,1794,3065,536,4793,12291,2103,679,537,320
4/11/20,"122,977",3262,255,3393,1228,18978,12261,1438,7494,1510,7694,22860,2642,4024,718,929,293,6251,1868,3207,626,4983,13208,2208,711,593,343
4/12/20,"129,957",3583,270,3539,1280,19855,12103,1457,7990,1587,8225,25475,2781,4160,805,985,308,6605,1970,3319,729,5144,13776,2305,727,615,364
4/13/20,"137,703",3805,275,3702,1475,21011,13125,1499,8300,1710,8936,26867,2942,4388,870,1020,331,6975,2069,3439,867,5483,14487,2368,748,638,373
4/14/20,"144,081",3953,283,3806,1498,21620,13913,1538,8598,1899,9472,28163,3087,4686,930,1091,341,7280,2184,3553,987,5654,15303,2420,752,697,373
4/15/20,"151,854",4241,291,3962,1599,22526,14583,1587,9030,1995,10096,29918,3360,4895,994,1139,365,7791,2263,3656,1168,5864,16106,2549,759,725,392
4/16/20,"160,971",4404,298,4234,1620,23332,15644,1609,9619,2141,10851,32181,3624,5111,1094,1211,393,8414,2357,3931,1311,6077,16928,2687,768,739,393
4/17/20,"171,159",4572,307,4507,1695,24745,16658,1655,10235,2332,11641,34402,3793,5283,1216,1287,439,9107,2465,4086,1411,6423,18131,2813,779,776,401
4/18/20,"179,512",4723,312,4719,1777,25484,17014,1668,10730,2513,12379,36372,3974,5517,1348,1342,528,10222,2570,4246,1541,6624,18927,2942,803,825,412
4/19/20,"187,776",4903,317,4929,1781,26306,17619,1672,11301,2915,12892,38077,4274,5667,1473,1392,585,11602,2599,4377,1635,6824,19441,3071,812,890,422
4/20/20,"196,171",5078,319,5064,1971,27050,18447,1736,11784,3175,13750,39643,4512,5807,1646,1447,627,12919,2680,4439,1685,6994,20035,3213,816,908,426
4/21/20,"204,467",5327,327,5251,2262,27861,19189,1766,12214,3641,14261,41199,4716,5941,1726,1491,644,13725,2807,4608,1755,7317,20949,3301,818,929,442
4/22/20,"211,985",5610,333,5459,2392,28301,20099,1802,12575,3764,14842,42944,4894,6137,1826,1588,679,14117,2894,4761,1858,7681,21769,3451,823,939,447
4/23/20,"223,261",5832,335,5769,2599,29640,20905,1836,13196,3939,15805,46023,5153,6321,2190,1670,709,14694,3017,4917,1956,8169,22706,3621,825,981,453
4/24/20,"235,917",6026,337,6045,2810,30525,21575,1870,13848,4459,16693,50969,5434,6625,2474,1720,748,15169,3120,5070,2040,8618,23650,3782,827,1010,473
4/25/20,"245,475",6213,337,6280,2909,30831,22225,1887,14567,5109,17844,53348,5718,6826,2898,1793,803,15587,3193,5253,2147,8918,24494,3950,843,1025,477
4/26/20,"253,300",6421,339,6526,3001,31520,22459,1897,15187,5490,18664,54938,5911,6997,3126,1864,867,15963,3253,5490,2213,9435,25209,4123,851,1054,502
4/27/20,"261,471",6539,343,6716,3069,32130,23229,1917,16137,5868,19574,56462,6094,7171,3487,1938,942,16325,3280,5613,2246,9739,25963,4236,855,1078,520
4/28/20,"269,401",6750,349,6948,3127,32838,23607,1952,16783,6376,20200,58302,6342,7306,3613,2010,991,16769,3410,5735,2314,9974,26868,4343,862,1096,536
4/29/20,"277,714",6925,353,7202,3207,33185,24300,1984,17409,6843,20942,60265,6569,7426,3876,2054,1033,17303,3473,5881,2375,10255,27839,4499,862,1110,544
4/30/20,"287,668",7068,353,7648,3281,33683,25431,2016,18099,7145,21825,62205,6815,7563,4332,2146,1067,18027,3618,6095,2450,10506,29072,4672,866,1126,559
5/1/20,"300,950",7294,362,7962,3310,34720,26436,2035,18941,7883,23566,64311,7212,7840,4838,2310,1107,18743,3748,6258,2525,11781,30342,4829,879,1152,566
5/2/20,"311,806",7611,363,8364,3372,35455,27268,2061,19629,8641,24568,66263,7441,8154,5332,2429,1153,19335,3851,6489,2587,12376,31433,4981,886,1185,579
5/3/20,"320,721",7888,366,8640,3431,36070,27618,2059,20267,9169,25561,68087,7550,8454,5686,2518,1191,19914,3972,6626,2630,12871,32299,5175,897,1196,586
5/4/20,"329,364",8112,368,8919,3469,36889,28350,2106,20855,9703,26509,69087,7877,8776,6123,2588,1225,20474,4044,6757,2667,13283,33134,5326,902,1225,596
5/5/20,"337,263",8437,369,9305,3525,37431,28876,2127,21423,10111,27217,70271,8207,8919,6442,2636,1266,20969,4127,6841,2720,13555,34286,5449,907,1243,604
5/6/20,"346,747",8691,370,9707,3611,37994,29724,2158,22286,10404,28263,72025,8424,9164,6771,2741,1323,21576,4201,6936,2779,13737,35441,5605,908,1277,631
5/7/20,"357,148",9046,373,9945,3694,38820,30524,2178,22942,11059,29476,73721,8686,9409,7190,2843,1371,22131,4330,7142,2905,14108,36682,5724,916,1298,635
5/8/20,"367,364",9385,376,10526,3747,39191,31089,2205,23620,11457,30592,75333,9090,9573,7830,2947,1425,23018,4424,7367,3144,14276,37943,5919,919,1324,644
5/9/20,"376,230",9668,377,10960,3747,39993,31481,2230,24239,11671,31638,76743,9378,9737,8233,3011,1464,23697,4490,7531,3393,14675,38849,6103,921,1348,653
5/10/20,"384,004",9889,378,11119,4012,40588,32267,2232,24633,11959,32693,77793,9501,9906,8328,3071,1491,24086,4589,7653,3517,15060,40037,6251,926,1363,662
5/11/20,"390,598",10164,380,11380,4043,40974,32448,2261,25134,12373,33483,78462,9674,10025,8575,3160,1518,24785,4613,7792,3614,15423,40988,6364,926,1370,669
5/12/20,"399,073",10464,383,11736,4164,41915,33311,2294,25676,12912,34174,79332,9908,10124,8732,3239,1571,25257,4731,7927,3663,15777,42348,6454,927,1379,675
5/13/20,"407,384",10700,383,12176,4236,42394,33866,2325,26044,13289,34927,80497,10090,10369,9072,3299,1647,25727,4852,8030,3732,16261,43822,6624,929,1405,688
5/14/20,"417,378",11101,387,12674,4366,43202,34422,2352,26627,13675,36021,82182,10483,10490,9411,3382,1712,26363,4962,8189,3792,16588,45169,6760,932,1435,701
5/15/20,"427,636",11373,388,13169,4463,44130,35242,2389,27281,14049,37105,83421,10801,10567,9766,3464,1761,26956,5086,8407,3887,16917,46987,6930,933,1448,716
5/16/20,"436,572",11674,392,13631,4578,44803,35655,2419,27919,14328,38083,84933,11123,10794,10220,3556,1848,27476,5237,8661,3959,17204,47866,7068,934,1470,741
5/17/20,"443,708",11771,396,13937,4759,45580,35954,2421,28419,14651,38920,86010,11296,11069,10348,3596,1900,27925,5310,8816,3987,17391,48828,7238,940,1492,754
5/18/20,"451,611",12086,399,14170,4813,46434,36634,2455,28897,14955,39882,87052,11432,11225,10625,3652,1931,28455,5398,8942,4027,17767,49788,7384,940,1502,766
5/19/20,"460,539",12376,399,14566,4923,46936,37214,2476,29402,15296,41664,87925,11704,11369,10846,3721,1994,28953,5489,9056,4085,18301,51080,7530,944,1514,776
5/20/20,"469,549",13052,402,14897,5003,47463,38162,2506,29986,15868,42442,88970,11967,11510,11119,3868,2095,29437,5532,9175,4177,18534,52369,7717,944,1567,787
5/21/20,"479,843",13414,402,15315,5458,48667,38969,2534,30673,16170,43645,90084,12222,11657,11424,3935,2229,30168,5680,9379,4177,18970,53441,7876,950,1603,801
5/22/20,"488,471",13670,404,15608,5612,49443,39734,2595,31165,16510,44539,90889,12624,11797,11662,4014,2317,30795,5849,9638,4356,19364,54369,8057,952,1705,803
5/23/20,"497,441",14149,409,16040,5775,50119,40408,2626,31674,16898,45608,91662,13005,11922,11989,4089,2365,31408,5960,9895,4468,19765,55451,8260,954,1729,813
5/24/20,"505,597",14478,409,16339,5922,50859,40989,2650,32151,17434,46919,92675,13252,12114,12134,4149,2418,31911,6037,10096,4563,20116,56050,8392,956,1771,813
5/25/20,"512,171",14986,412,16561,6029,51738,41414,2664,32489,17628,47754,93271,13458,12296,12355,4197,2457,32477,6090,10178,4586,20533,56490,8521,962,1782,843
5/26/20,"519,357",15650,416,16783,6180,52247,42066,2699,32856,17999,48290,93693,13731,12437,12619,4231,2422,33006,6137,10416,4653,20960,57573,8622,967,1854,850
5/27/20,"527,286",16032,417,17262,6277,52626,42713,2731,33242,18446,49042,94220,14044,12624,12976,4286,2442,33439,6229,10623,4710,21360,59105,8710,971,1899,860
5/28/20,"536,865",16530,430,17763,6538,53277,43363,2770,33885,18672,50334,94895,14372,12815,13261,4389,2484,33915,6270,10788,4793,21763,60820,8953,974,1935,876
5/29/20,"547,152",17031,436,18465,6777,54489,43888,2804,34399,19019,51631,95512,14790,12949,13654,4492,2523,34566,6338,11131,4866,22199,62073,9282,975,1972,891
5/30/20,"556,670",17359,441,19255,7013,55416,44336,2840,35064,19336,52662,96301,15229,13118,13905,4545,2557,35034,6418,11394,4960,22676,63396,9551,977,1989,898
5/31/20,"565,674",17952,469,19936,7253,56155,45051,2855,35429,19621,53456,96965,15501,13297,14101,4651,2580,35513,6506,11861,4993,22832,64974,9829,981,2010,903
6/1/20,"576,318",18534,476,20123,7443,56822,45757,2908,35684,19789,54035,100805,15752,13523,14345,4685,2628,35984,6573,12148,5034,23242,66081,10026,983,2028,910
6/2/20,"585,945",18771,497,21250,7818,57439,46063,2935,36129,20017,54831,101163,16020,13822,14611,4749,2649,36350,6692,12415,5067,24498,67966,10237,988,2056,912
6/3/20,"595,535",18851,516,22245,8067,58756,46711,2990,36609,20376,55617,101592,16322,14020,14866,4795,2682,36792,6805,12651,5162,25024,69546,10558,990,2077,915
6/4/20,"605,715",19072,542,22818,8425,60175,47528,3054,37005,20943,56490,102063,16560,14286,15117,4876,2709,37282,6907,13005,5247,25374,71330,10858,1026,2102,921
6/5/20,"617,040",19387,565,24369,8651,61480,48280,3111,37499,21332,57407,102557,16769,14515,15379,4953,2748,37758,7004,13453,5277,25799,73324,11344,1027,2119,933
6/6/20,"627,709",20043,579,25517,9101,62750,48943,3139,37928,21527,58099,103132,17034,14659,15543,5019,2819,38111,7060,13916,5367,26359,75077,11866,1046,2136,939
6/7/20,"636,187",20500,588,26924,9426,63930,49371,3153,38328,21794,58593,103436,17270,14985,15634,5043,2864,38476,7151,14286,5438,26811,75948,12084,1063,2144,947
6/8/20,"644,507",20925,607,27761,9740,64896,49995,3197,38553,22111,59024,103626,17768,15159,15752,5079,2883,38837,7206,14800,5471,27217,77326,12378,1075,2161,960
6/9/20,"653,907",21422,620,28396,10080,65992,50769,3226,38985,22271,59543,103889,18109,15396,15888,5132,2904,39162,7364,15228,5523,27865,79271,12639,1084,2179,970
6/10/20,"665,480",21989,642,29981,10368,67363,51465,3262,39297,22733,60114,104156,18483,15662,16025,5178,2944,39575,7480,15759,5604,28379,81771,12982,1095,2193,980
6/11/20,"677,745",22845,666,31525,10816,69061,52332,3303,39714,23103,60823,104667,18483,15924,16315,5209,2983,40004,7626,16441,5665,28766,83772,13366,1110,2217,1009
6/12/20,"691,014",23710,688,33167,11547,70963,53201,3354,40114,23455,61262,105059,19091,16111,16513,5251,3019,40424,7848,17170,5742,29218,86031,13681,1119,2249,1027
6/13/20,"704,593",24601,722,34773,12095,73544,54178,3399,40535,23792,61935,105395,19348,16327,16634,5299,3061,40848,8073,17955,5833,29616,88120,14061,1125,2274,1050
6/14/20,"715,056",25615,734,35953,12501,75560,54874,3413,40901,23959,62328,105603,19516,16384,16735,5318,3083,41148,8231,18796,5898,30174,89542,14313,1127,2290,1060
6/15/20,"726,184",26272,738,37005,12917,77318,55505,3472,41422,24110,62653,105690,19799,16712,16860,5345,3104,41576,8417,19381,5928,30945,91727,14757,1130,2322,1079
6/16/20,"741,483",26912,751,39298,13191,80101,56302,3543,41780,24263,63004,105885,20152,16930,17031,5364,3127,42010,8645,19995,5966,31623,95973,15077,1130,2341,1089
6/17/20,"756,000",27312,776,41159,13606,82711,57217,3634,42036,24616,63565,106151,20641,17151,17226,5436,3170,42422,8903,20556,6050,32112,99466,15464,1130,2376,1114
6/18/20,"772,762",28206,795,43731,13928,85918,58040,3744,42480,24959,63839,106422,21022,17488,17415,5450,3199,43122,9354,21548,6109,32604,102677,16015,1135,2418,1144
6/19/20,"792,753",29002,821,46914,14631,89740,59117,3871,42801,25424,64150,106650,21022,17780,17591,5486,3232,43731,9706,22631,6158,33603,107322,16585,1144,2468,1173
6/20/20,"812,171",29549,845,50198,15142,93789,60669,4006,43135,25552,64565,106936,21022,18155,17707,5518,3257,44262,10037,23786,6225,34223,111594,17173,1147,2500,1179
6/21/20,"827,994",30021,859,52666,15561,97283,61493,4025,43496,26020,64903,107061,21022,18552,17810,5544,3294,44808,10515,24693,6297,34719,114886,17567,1159,2543,1197
6/22/20,"845,743",30454,869,54767,16083,100209,62705,4267,43709,26217,65202,107210,22287,18733,17957,5558,3319,45537,10733,25701,6326,35255,119646,18035,1163,2571,1230
6/23/20,"866,404",31097,905,58397,16678,103495,64577,4412,43967,26470,65602,107439,22898,19148,18092,5571,3326,46127,11028,26613,6353,36018,124726,18454,1164,2593,1254
6/24/20,"890,037",32064,926,60207,17375,109006,66290,4650,44260,26897,65934,107611,23424,19478,18221,5598,3370,46759,11509,27897,6419,36822,131310,18915,1184,2629,1282
6/25/20,"914,918",33206,971,63297,18062,114010,67796,4869,44779,27384,66397,107837,24516,20076,18346,5638,3402,47651,11947,29022,6479,37695,136783,19544,1191,2694,1326
6/26/20,"944,121",34183,1001,66676,18740,122952,69542,5149,45269,27828,66704,108070,25066,20567,18524,5671,3430,48638,12343,30335,6535,38802,142582,20218,1198,2730,1368
6/27/20,"973,501",35083,1027,70152,19310,132537,71066,5319,45707,28203,67032,108443,25531,20909,18775,5717,3467,49455,12642,31939,6626,39813,148639,20735,1200,2782,1392
6/28/20,"997,520",35441,1060,73961,19818,141067,72800,5350,46071,28520,67360,108667,25899,21254,18900,5747,3504,50309,12944,33320,6681,39945,152296,21155,1202,2832,1417